drug_smiles,protein_sequence,true_affinity
CC(C)CC1=CC=C(C=C1)C(C)C(=O)O,MKTVRQERLKSIVRILERSKEPVSGAQLAEELSVSRQVIVQDIAYLRSLGYNIVATPRGYVLAGG,7.2
CCO,MKKFFDSRREQGGSGLGSGSSGGGGSGGGYGNQDQSGGGGSGGGYGNQDQSGGGGSGGGYGNQDQS,5.8
CC(=O)OC1=CC=CC=C1C(=O)O,MVLSPADKTNVKAAWGKVGAHAGEYGAEALERMFLSFPTTKTYFPHFDLSHGSAQVKGHGKKVADALTNAVAHVDDMPNALSALSDLHAHKLRVDPVNFKLLSHCLLVTLAAHLPAEFTPAVHASLDKFLASVSTVLTSKYR,6.9
CN1C=NC2=C1C(=O)N(C(=O)N2C)C,MGSSHHHHHHSSGLVPRGSHMRGPNPTAASLEASAGPFTVRSFTVSRPSGYGAGTVYYPTNAGGTVGAIAIVPGYTARQSSIKWWGPRLASHGFVVITIDTNSTLDQPSSRSSQQMAALRQVASLNGTSSSPIYGKVDTARMGVMGWSMGGGGSLISAANNPSLKAAAPQAPWDSSTNFSSVTVPTLIFACENDSIAPVNSSALPIYDSMSRNAKQFLEINGGSHSCANSGNSNQALIGKKGVAWMKRFPTSKEQKALKLTNYSPCTALKSGAGQRSSQSYGGGGSYGGGGSYGGGGSYGGGGSYGGGGSYGGGGDYGGGSRVSSSGGGGSYGGGDSRGWGKSVRGRRSLTGKGKSSAATGGDGTGGRSMRSVPGRGRAGPPGGPDVSGADGVYIGDKGDSGNWYGGKRKNVKSSASGSGDSGGRNNGGGRSPGSPGSSGDGGAAPLSVDGGDGGSSGDSGSGRVNTLGDSGGAGTSLPLSSTGLGGDNQNTVGRSNNEDSGGGSYHDTGKKSTQGTNNVSTSTVAAGSQPGGGRNGKDKDVFYQQIEQPTNTKDHVRNVDGTHCGGGWDSQNYAYGLDPGGMSDGRTTCVFGDDHSPQDTNQLVGVIGYGYSQIGGGGVRSSSSSPKSSSSSGDSGRGQLPDGKRHQGFSSQYTSSEEQGQSSTIIQKSSRDFRYQKDHSADLLYLGWVHLMVGKMGPSVLEHVGGRNVDQVFKVTNNQRSNAGKTGLGCAKLQPSGGTDSGWNGRSDFAGSGGWPPPRPGVGSQDDGRGVGAPGYGRSSSCVRVVGMSKRSKTSSDVDRDGRGGGSLGSPDTGDFDNGGGSACEVSCVGSYDHKKCALSDCGGGDLYSSSRPSPPPPSPGDSDSQKGQEDVGKDRDSDMSDRDSDLSCGSDSRRFKDQVSELLRQPNMDGYINGTGNYNQSNSAVSNSRSARCSYGWDLQNHKDPWDRRVRSDNHKDPVRDSAFGKGNTMQARAPQMYSSPGAGQGYLKQWQKNKPMYLGSSEPQGYTYWQSTYQTEVSSTKMGSSKPGSSQLGQPEPGASTGAAPGDPPQNGQEPTSEEEEDLYSGSFFSLRRPSNLVQNTTSAGGSPPRRVNSRSAGSEGSLGGGGSGGGSGGPSRSNNRPPRGFRGLMLNKGLAQGPGPATSLGSESSGRMGGGKTKNTAAHQNSKTLGSSAKMPAEAQAHHQRGTFNYNRGMTSAGIAYSYGPPRGAGATSGSGGGEGTGSSGGHYSPPSKDSHLRPMVSGQRAAEPVMVRAPRTRPSSRGQESDDDDQSYSLRPPQQLNTSASSLSDSLRSSGGWSLRRSRGPLSPPAVSRPGASDGVRSPPQGASDAPVTSDLAGLPEKGLQSLRTRSRQGPPGSASPQHSDGGSACVLSDRPQSSSSPRPPSGRWENNASLNGSHLGASLRQAEPGQPKQGPRLSSTLVGQGRRQGGSFRRLVLGTGRRGMAVSDDRASRQTPGLGQTMPLRERRGGARLPRSSNGASPHPPPTTRSDIPSGASPPQPASPPSLSGSPPSPPRGSQNSGSSLDSSLPLGGGSLNLSRSSKSRTSSEELQKKQTPESFSLGDSPQKSGGGYLGRGNGGLPYGTRLGPQSPCRGPGRGLGNGGTGCYDGRDKLLTGSQDLTSPAGSSLGGSRVNGLLSQHAPGSTNVTTQAMRQTLKNGPPGGERLGCGLDATSHGLLSASSPPKGQKSRKNRNASRQEPKLDSAQKRKMTEGEEEKTNKNEKGDQRSKKKKKLLDDGSSKSRKSKTRKKKDKKGLLQDEEASSGSQRSRHKGKEEKEKPRPGTASSKISSLKQEADSKQGKSGKKSLLKENLEDGKQVKEESLLVHNKGGSLGNSLPSDDLRSSTNSTLQQLHSRGPNPSPPKKGKPGSLLLNDQLDKGKQVKEESLQVLQKEQNHFSKGLSPLLDDLSALQGQGKLHSRGATPQPPKMLKPGSQLQNDQLDKGKQVKEESLQVQQKEKNLFSKGLSLLLDDLSALQGQGKLHSRGATPQPPKMLKPGSQLQNDQLDKGKQVKEESLQVQQKEKKVSKGLSLLRDLSALQGQGKLHSRGATPQPPKMLKPGSQLQNDQLDKGKQVKEESLQVHQKEQKSLSKGLTPLRDDLSALQGQGKLHSRGATPQPPKMLKPGSQLQNDQLDKGKQVKEESLQIHQKEQKSLSKGLPLLRDDLSALQGQGKLHSRGATPQPPKMVKPGSQLQNDQLDKGKQVKEESLQVHQKEQKSLSKGLSPLRDDLSALQGQGKLHSRGATPQPPKMVKPGSQLQNDQLDKGKQVKEESLQVHQKEQKSLSKGLSPLRDDLSALQGQGKLHSRGATPQPPKMVKPGSQLQNDQLDKGKQVKEESLQVHQKEQKS,8.1
C1=CC=C(C=C1)C(C(=O)O)N,MTMDKSELVQKAKLAEQAERYDDMAAAMKAVTEQGHELSNEERNLLSVAYKNVVGARRSSWRVISSIEQKTERNEKKQQMGKEYREKIEAELQDICNDVLELLDKYLIPNATQPESKVFYLKMKGDYFRYLSEVASGDNKQTTVSNSQQAYQEAFEISKKEMQPTHPIRLGLALNFSVFYYEILNSPEKACSLAKTAFDEAIAELDTLNEESYKDSTLIMQLLRDNLTLWTSENQGDEGDAGEGEN,6.5
CC1=CC=C(C=C1)S(=O)(=O)N,MSDAAVDTSSEITTKLLKECGYVGIGSYGGTAMAGSLAGPQEKGTGKVMSASFLASKETFLPKLKSIRNAIGNLMVTEDSKIPRVDTSEKQEKQTSKLVSKEAKVDEAEVFKDHLLRKNTVADLEQIKQEYMQGTGMYNALYLMGDIQNKLLGLNKQVTVRYSLLAVSGLLCSWQVSKTQKLQKDVSAWKVSATGRCAGMTSLKGRPIIEAHEQYSPNRREFEKMGDEGTMGDQHMAMLQKTRPSADLDILLSQGSLDKVVVFKPQVSVGDLGTGKEKRVLILAAGVKGSSMCQNTTMQAAKAIRGNNQNTIAGLGIKRCTTGDVSEKRQQKQMRGLRTTKIKDGTGVGALRVDGSDVLQSHIPKTNLQKEKMEVNEQKGYTPNQSATNLGSKSIHCSAGNETVNILLQGWSRKPIVNLSSFLLHEQPGLRKNVDFHDMHAFMLRRSSWGSDITKRVSRLQQYQVKMVEGFESYLPVLKQVGGLLEQGDVSMRKEAQAQMLQVQMVKNTRVKGKRKSVGTLVGSLEGTTMTQSATDLLQAGITKLLSIRVQVFSSKSKNFQSQAEYEQESEKFKEGEYFLEQVQVKALEKQRVQKESLLQIMEEGLSPKIQEKLKSLIQEKLKSLEVDLEEKVKAVTQEESARIKKQTQVFVGTRFTLEIEREGDEQKAQLLQGEIKEQVKTIDLDEEKKKKLGKTGNQTSLVTVTLLPFENKVLGQEVQKQRQELEQEVLSLQQSQLKAVKKQLGDVLTEACDVVSELCQSLQGDQSLLTEILQVGGTGEKDLQAYTMVRRELQEVMDEKTTQAIAQQEKMSEQTVSLAQKDAKKEQKAQKELKGAATNALKTQMIKFKVREVQNKCGKQITARLDVESAQDSLGEKIMVRGFPMKVEALKQRGIIQMLADDRIEQGDIILAYKNGGEENEFLEIAYKRDVNRQAAGQVIKDNGILGLGVRLEGEKQKIMEPQLMKDREIEQKKVTKDQFTIFQRIHSRDQNAIVSLETTNMTKDHSIASVLLLLMRRLEAATEQVKAVKNSLLLDLQQNVQAELGCKYSLTDNVKDVLQNLEQKISGLGQHLKKEQKDLLHSDEARKALTRVQKQVQKQVEGHKNLIAKEQNLLAELEKKILKQVVQLGTVAQAQLVELLKEQKKKMEQEQQQLQQAVEEQEIKVLQLKMKDLKEKLKVQVGQMVKEETKLALTKNLDQVVQVLAKEKSLGQQLLSAIRENKKGVLDQVLGELQNVNEEIEKQVKLGEEDLNMLKDKAKEISSVGDELEQIKQGRQQLQNELQVIQRQVDSIGQQAQELERALVKEYKIDLEKQKQHGQKQMEVVLKQQKQEMENLTKQSLNQKQAKIQKQASMGLKEEEAGVDKELLVGLDTLQAEGNKQKAKEALQALLKEQQALIEKTLNNQQKTLDQQVKLGQEEIEQIQQKLQQLQAELKVLAKTIEKRQIGIKERIAELEKQMQEQQQQVEKELLQLDLKTEATQTNQKLQNQIVDLQKQAAEQVDDQTQQAEKLLKDLQKQVEELQNILQTSQAQIKELKADQAKLQKQVEVLQRQADQVVQKQKKIQEIVQGALEQIQTKAEEQKNLLMALLTALRKIQESLKQQEQIAKNQVEQIQQKVKEIQNEQDSLNGGRNDLLEKQKQGLEGDIRSLEEKLQVQCERLQNSSADIQNQRAEAEKGVADLQTKVTKQSEVDQKQQELQQRKNDLADQIQQNVQDLKKVQQEINDLEAKATEIQKLQREVQNLQKDLKDLNERVQELLEKKSELVQKAKLAEQAERYDDMAAAMKAVTEQGHELSNEERNLLSVAYKNVVGARRSSWRVISSIEQKTERNEKKQQMGKEYREKIEAELQDICNDVLELLDKYLIPNATQPESKVFYLKMKGDYFRYLSEVASGDNKQTTVSNSQQAYQEAFEISKKEMQPTHPIRLGLALNFSVFYYEILNSPEKACSLAKTAFDEAIAELDTLNEESYKDSTLIMQLLRDNLTLWTSENQGDEGDAGEGEN,5.2
CC(C)CC1=CC=C(C=C1)C(C)C(=O)O,MKKFFDSRREQGGSGLGSGSSGGGGSGGGYGNQDQSGGGGSGGGYGNQDQSGGGGSGGGYGNQDQS,7.2
CN(C)CCN1C2=CC=CC=C2SC3=C1C=C(C=C3)C(F)(F)F,MSDVKITGCQAGIGAALIIAGLANGVNIEAQEKKKLAGILGVGFNVDLAMAIAELLVSGRQVAVVFGCDLTEEAAITGAANLDNTVIGTAYGCDTPTRYAMLAATLQSYVHHDQRSHTIQQGDKLVIEAKSDVILEDKGAIFALNGKVVVDEAEKAFAQKQPDMSVAIGVDVYTCGAMTLVAKAFGAPLAGLDVTYEGQPLGGFIDVDFGKGTILVDEIVVNEDVPFNLDVFVDIQEVARALSHIAKQFDAEVTLAAKKDGIPQWQSAFKQKIWEAMNILAIQPQGVVLYERAYDRKQKQVFEQLEKQLLRLEEEKARKQEIKRQKQKHKALIEQMRELGVEVATQVQEKIETAKLHLKEAQMKQGVRMEAVKMQKEVAHLQKQLEDLRNQPFQEVEKQIEKGRRLQARLTELQARQLQLDEEQWKLQKQVQELEEVMKQVRGLQKQIPKLGTQLRQLEAEVEVGKLMQEIGKQVTAQCADIRKQVKDWKEQIQVLLTKIAEQAMEKIQKVGQTGLQLLAERKNLVEEKAKLQRQAQQVLEEIQAELARLQSYLQSVQEKVQEAEIDLKKRIELLEQKVESLTDQLLQLNQHGKAAEALKDLKSLGALQTALEQDAATVAALQAVLTAKDTGIKQKFKAEIQLGQGVMGAIRLATVQERLAAIREKQQGIERVVGLLKELVGQEVDMVAGMTDGKQVAIGVKRRLAAARRNGSGLGEEKIQLGQKLQGGAATLTTDSETVQKKAVEVGKLQTAFQQSLGLLQEVRKLEEVVQAAKEAITQAGIRLAALQAREGEIAAKKDQQQKQLLQLQQEIEMVQKILNEAQQLQKQVQEQMKGIEHTERAVELEEALKQVVEQVQKAAQKVEAVRQLQQSRGQLQGKMEVLLEEKQQLESLMQMLEKLQGQVETDIQKQVEELLEKEVATLQLEANLQKKIQALEGQAEASQALQQQHHEAERMVKKVKEAVELVKTKLGLQAKAEQEIAALKGALKEVVSQAKEAAREIAKVKEGLKKVAAKVQGLQKQVQELEMKVTDLQKAVAKLQEVQEKVQAALAELQKKAKALRQLEAALEEARQVNKEAARVVQKLKEAVALLKTKLGLQAKAAQEIATLREALRGGVAQIRNAQELAKARGLLQAEEQQLAAAAQVQLLQAEQKALEAAEEKLKRVEALAETKAALRQLEAALEEARQVNKEAARVVQKLKEAVALLKTKLGLQAKAAQEIATLREALRGGVAQIRNAQELAKARGLLQAEEQQLAAAAQVQLLQAEQKALAAAEEKLKRVEALAETKAALRQLEAALEEARQVNKEAARVVQKLKEAVALLKTKLGLQAKAAQEIATLREALRGGVAQIRNAQELAKARGLLQAEEQQLAAAAQVQLLQAEQKALAAAEEKLKRVEALAEA,9.3
CC1=C(C=C(C=C1)C(=O)O)OC2=CC=CC=C2,MVHLTDAEKAAVSGLWGKVNSDEVGGEALGRLLVVYPWTQRYHEHPDLKPGMTRYLSSAGLGAQVKAHGKKVITAFNDGLNHLDSLKGTFAKLSELHCDKLHVDPENFRLLGDILIIVLAAHFSKDFTPECQAAWQKLVRVVAHALARKYH,4.8
CC1=CC=C(C=C1)C(=O)C2=CC=C(C=C2)OC,MTKMDKSELVQKAKLAEQAERYDDMAAAMKAVTEQGHELSNEERNLLSVAYKNVVGARRSSWRVISSIEQKTERNEKKQQMGKEYREKIEAELQDICNDVLELLDKYLIPNATQPESKVFYLKMKGDYFRYLSEVASGDNKQTTVSNSQQAYQEAFEISKKEMQPTHPIRLGLALNFSVFYYEILNSPEKACSLAKTAFDEAIAELDTLNEESYKDSTLIMQLLRDNLTLWTSENQGDEGDAGEGEN,7.6