drug_smiles,protein_sequence,affinity
CC(C)CC1=CC=C(C=C1)C(C)C(=O)O,MKKFFDSRREQGGSGLGSGSSGGGGSGGGYGNQDQSGGGGSGGGYGNQDQSGGGGSGGGYGNQDQSGGGGSGGYGN,5.2
CC1=CC=C(C=C1)C(C)(C)C,MTEYKLVVVGAGGVGKSALTIQLIQNHFVDEYDPTIEDSYRKQVVIDGETCLLDILDTAGQEEYSAMRDQYMRTGEGFLC,6.8
CC(=O)OC1=CC=CC=C1C(=O)O,MSHHWGYGKHNGPEHWHKDFPIAKGERQSPVDIDTHTAKYDPSLKPLSVSYDQATSLRILNNGHAFNVEFDDSQDKAV,4.3
NC1=NC=NC2=C1N=CN2[C@@H]1O[C@H](CO)[C@@H](O)[C@H]1O,MAAAAAAGAGPEMVRGQVFDVGPRYTNLSYIGEGAYGMVCSAYDNVNKVRVAIKKISPFEHQTYCQRTLREIKILL,7.1
C1CCC(CC1)N2CCN(CC2)C3=CC=CC=C3,MALARYRYGPEGSGLGKPQQDTVDFLRGQPHGGGLFLYGIAAWHPQGKIVTVGYVYDRLRNTQFWVPERRLAARK,8.9
CC(C)CC1=CC=C(C=C1)C(C)C(=O)O,MTEYKLVVVGAGGVGKSALTIQLIQNHFVDEYDPTIEDSYRKQVVIDGETCLLDILDTAGQEEYSAMRDQYMRTGEGFLC,5.8
CC1=CC=C(C=C1)C(C)(C)C,MSHHWGYGKHNGPEHWHKDFPIAKGERQSPVDIDTHTAKYDPSLKPLSVSYDQATSLRILNNGHAFNVEFDDSQDKAV,6.2
CC(=O)OC1=CC=CC=C1C(=O)O,MAAAAAAGAGPEMVRGQVFDVGPRYTNLSYIGEGAYGMVCSAYDNVNKVRVAIKKISPFEHQTYCQRTLREIKILL,4.9
NC1=NC=NC2=C1N=CN2[C@@H]1O[C@H](CO)[C@@H](O)[C@H]1O,MALARYRYGPEGSGLGKPQQDTVDFLRGQPHGGGLFLYGIAAWHPQGKIVTVGYVYDRLRNTQFWVPERRLAARK,7.5
C1CCC(CC1)N2CCN(CC2)C3=CC=CC=C3,MKKFFDSRREQGGSGLGSGSSGGGGSGGGYGNQDQSGGGGSGGGYGNQDQSGGGGSGGGYGNQDQSGGGGSGGYGN,9.2